user_id,offer_id,resume,application_letter,status
18,163,https://www.w3.org/WAI/ER/tests/xhtml/testfiles/resources/pdf/dummy.pdf,"Cras non velit nec nisi vulputate nonummy. Maecenas tincidunt lacus at velit. Vivamus vel nulla eget eros elementum pellentesque.

Quisque porta volutpat erat. Quisque erat eros, viverra eget, congue eget, semper rutrum, nulla. Nunc purus.",Accepted
61,31,https://www.w3.org/WAI/ER/tests/xhtml/testfiles/resources/pdf/dummy.pdf,"Vestibulum quam sapien, varius ut, blandit non, interdum in, ante. Vestibulum ante ipsum primis in faucibus orci luctus et ultrices posuere cubilia Curae; Duis faucibus accumsan odio. Curabitur convallis.

Duis consequat dui nec nisi volutpat eleifend. Donec ut dolor. Morbi vel lectus in quam fringilla rhoncus.",Pending
25,160,https://www.w3.org/WAI/ER/tests/xhtml/testfiles/resources/pdf/dummy.pdf,"Duis bibendum. Morbi non quam nec dui luctus rutrum. Nulla tellus.

In sagittis dui vel nisl. Duis ac nibh. Fusce lacus purus, aliquet at, feugiat non, pretium quis, lectus.",Pending
47,91,https://www.w3.org/WAI/ER/tests/xhtml/testfiles/resources/pdf/dummy.pdf,"Maecenas tristique, est et tempus semper, est quam pharetra magna, ac consequat metus sapien ut nunc. Vestibulum ante ipsum primis in faucibus orci luctus et ultrices posuere cubilia Curae; Mauris viverra diam vitae quam. Suspendisse potenti.

Nullam porttitor lacus at turpis. Donec posuere metus vitae ipsum. Aliquam non mauris.",Accepted
63,34,https://www.w3.org/WAI/ER/tests/xhtml/testfiles/resources/pdf/dummy.pdf,"Proin eu mi. Nulla ac enim. In tempor, turpis nec euismod scelerisque, quam turpis adipiscing lorem, vitae mattis nibh ligula nec sem.

Duis aliquam convallis nunc. Proin at turpis a pede posuere nonummy. Integer non velit.

Donec diam neque, vestibulum eget, vulputate ut, ultrices vel, augue. Vestibulum ante ipsum primis in faucibus orci luctus et ultrices posuere cubilia Curae; Donec pharetra, magna vestibulum aliquet ultrices, erat tortor sollicitudin mi, sit amet lobortis sapien sapien non mi. Integer ac neque.",Done
44,106,https://www.w3.org/WAI/ER/tests/xhtml/testfiles/resources/pdf/dummy.pdf,"Nullam sit amet turpis elementum ligula vehicula consequat. Morbi a ipsum. Integer a nibh.

In quis justo. Maecenas rhoncus aliquam lacus. Morbi quis tortor id nulla ultrices aliquet.",Done
6,177,https://www.w3.org/WAI/ER/tests/xhtml/testfiles/resources/pdf/dummy.pdf,"Morbi non lectus. Aliquam sit amet diam in magna bibendum imperdiet. Nullam orci pede, venenatis non, sodales sed, tincidunt eu, felis.",Accepted
35,182,https://www.w3.org/WAI/ER/tests/xhtml/testfiles/resources/pdf/dummy.pdf,"In hac habitasse platea dictumst. Etiam faucibus cursus urna. Ut tellus.

Nulla ut erat id mauris vulputate elementum. Nullam varius. Nulla facilisi.

Cras non velit nec nisi vulputate nonummy. Maecenas tincidunt lacus at velit. Vivamus vel nulla eget eros elementum pellentesque.",Accepted
13,37,https://www.w3.org/WAI/ER/tests/xhtml/testfiles/resources/pdf/dummy.pdf,Duis bibendum. Morbi non quam nec dui luctus rutrum. Nulla tellus.,Done
17,198,https://www.w3.org/WAI/ER/tests/xhtml/testfiles/resources/pdf/dummy.pdf,"Curabitur gravida nisi at nibh. In hac habitasse platea dictumst. Aliquam augue quam, sollicitudin vitae, consectetuer eget, rutrum at, lorem.

Integer tincidunt ante vel ipsum. Praesent blandit lacinia erat. Vestibulum sed magna at nunc commodo placerat.",Done
38,7,https://www.w3.org/WAI/ER/tests/xhtml/testfiles/resources/pdf/dummy.pdf,"Sed sagittis. Nam congue, risus semper porta volutpat, quam pede lobortis ligula, sit amet eleifend pede libero quis orci. Nullam molestie nibh in lectus.

Pellentesque at nulla. Suspendisse potenti. Cras in purus eu magna vulputate luctus.

Cum sociis natoque penatibus et magnis dis parturient montes, nascetur ridiculus mus. Vivamus vestibulum sagittis sapien. Cum sociis natoque penatibus et magnis dis parturient montes, nascetur ridiculus mus.",Accepted
13,72,https://www.w3.org/WAI/ER/tests/xhtml/testfiles/resources/pdf/dummy.pdf,"Curabitur at ipsum ac tellus semper interdum. Mauris ullamcorper purus sit amet nulla. Quisque arcu libero, rutrum ac, lobortis vel, dapibus at, diam.",Accepted
14,163,https://www.w3.org/WAI/ER/tests/xhtml/testfiles/resources/pdf/dummy.pdf,"In sagittis dui vel nisl. Duis ac nibh. Fusce lacus purus, aliquet at, feugiat non, pretium quis, lectus.

Suspendisse potenti. In eleifend quam a odio. In hac habitasse platea dictumst.

Maecenas ut massa quis augue luctus tincidunt. Nulla mollis molestie lorem. Quisque ut erat.",Accepted
60,41,https://www.w3.org/WAI/ER/tests/xhtml/testfiles/resources/pdf/dummy.pdf,"Duis bibendum, felis sed interdum venenatis, turpis enim blandit mi, in porttitor pede justo eu massa. Donec dapibus. Duis at velit eu est congue elementum.

In hac habitasse platea dictumst. Morbi vestibulum, velit id pretium iaculis, diam erat fermentum justo, nec condimentum neque sapien placerat ante. Nulla justo.

Aliquam quis turpis eget elit sodales scelerisque. Mauris sit amet eros. Suspendisse accumsan tortor quis turpis.",Done
25,90,https://www.w3.org/WAI/ER/tests/xhtml/testfiles/resources/pdf/dummy.pdf,"Maecenas leo odio, condimentum id, luctus nec, molestie sed, justo. Pellentesque viverra pede ac diam. Cras pellentesque volutpat dui.",Pending
52,161,https://www.w3.org/WAI/ER/tests/xhtml/testfiles/resources/pdf/dummy.pdf,"Fusce consequat. Nulla nisl. Nunc nisl.

Duis bibendum, felis sed interdum venenatis, turpis enim blandit mi, in porttitor pede justo eu massa. Donec dapibus. Duis at velit eu est congue elementum.

In hac habitasse platea dictumst. Morbi vestibulum, velit id pretium iaculis, diam erat fermentum justo, nec condimentum neque sapien placerat ante. Nulla justo.",Done
44,55,https://www.w3.org/WAI/ER/tests/xhtml/testfiles/resources/pdf/dummy.pdf,"Aenean lectus. Pellentesque eget nunc. Donec quis orci eget orci vehicula condimentum.

Curabitur in libero ut massa volutpat convallis. Morbi odio odio, elementum eu, interdum eu, tincidunt in, leo. Maecenas pulvinar lobortis est.",Done
33,1,https://www.w3.org/WAI/ER/tests/xhtml/testfiles/resources/pdf/dummy.pdf,Nullam sit amet turpis elementum ligula vehicula consequat. Morbi a ipsum. Integer a nibh.,Accepted
54,103,https://www.w3.org/WAI/ER/tests/xhtml/testfiles/resources/pdf/dummy.pdf,"Morbi non lectus. Aliquam sit amet diam in magna bibendum imperdiet. Nullam orci pede, venenatis non, sodales sed, tincidunt eu, felis.

Fusce posuere felis sed lacus. Morbi sem mauris, laoreet ut, rhoncus aliquet, pulvinar sed, nisl. Nunc rhoncus dui vel sem.",Done
31,184,https://www.w3.org/WAI/ER/tests/xhtml/testfiles/resources/pdf/dummy.pdf,"Sed sagittis. Nam congue, risus semper porta volutpat, quam pede lobortis ligula, sit amet eleifend pede libero quis orci. Nullam molestie nibh in lectus.

Pellentesque at nulla. Suspendisse potenti. Cras in purus eu magna vulputate luctus.",Pending
23,97,https://www.w3.org/WAI/ER/tests/xhtml/testfiles/resources/pdf/dummy.pdf,"Pellentesque at nulla. Suspendisse potenti. Cras in purus eu magna vulputate luctus.

Cum sociis natoque penatibus et magnis dis parturient montes, nascetur ridiculus mus. Vivamus vestibulum sagittis sapien. Cum sociis natoque penatibus et magnis dis parturient montes, nascetur ridiculus mus.

Etiam vel augue. Vestibulum rutrum rutrum neque. Aenean auctor gravida sem.",Pending
41,178,https://www.w3.org/WAI/ER/tests/xhtml/testfiles/resources/pdf/dummy.pdf,"Sed ante. Vivamus tortor. Duis mattis egestas metus.

Aenean fermentum. Donec ut mauris eget massa tempor convallis. Nulla neque libero, convallis eget, eleifend luctus, ultricies eu, nibh.

Quisque id justo sit amet sapien dignissim vestibulum. Vestibulum ante ipsum primis in faucibus orci luctus et ultrices posuere cubilia Curae; Nulla dapibus dolor vel est. Donec odio justo, sollicitudin ut, suscipit a, feugiat et, eros.",Done
16,170,https://www.w3.org/WAI/ER/tests/xhtml/testfiles/resources/pdf/dummy.pdf,"Proin eu mi. Nulla ac enim. In tempor, turpis nec euismod scelerisque, quam turpis adipiscing lorem, vitae mattis nibh ligula nec sem.",Done
18,38,https://www.w3.org/WAI/ER/tests/xhtml/testfiles/resources/pdf/dummy.pdf,"Aenean fermentum. Donec ut mauris eget massa tempor convallis. Nulla neque libero, convallis eget, eleifend luctus, ultricies eu, nibh.",Accepted
68,126,https://www.w3.org/WAI/ER/tests/xhtml/testfiles/resources/pdf/dummy.pdf,Maecenas ut massa quis augue luctus tincidunt. Nulla mollis molestie lorem. Quisque ut erat.,Pending
59,78,https://www.w3.org/WAI/ER/tests/xhtml/testfiles/resources/pdf/dummy.pdf,"Cras mi pede, malesuada in, imperdiet et, commodo vulputate, justo. In blandit ultrices enim. Lorem ipsum dolor sit amet, consectetuer adipiscing elit.

Proin interdum mauris non ligula pellentesque ultrices. Phasellus id sapien in sapien iaculis congue. Vivamus metus arcu, adipiscing molestie, hendrerit at, vulputate vitae, nisl.",Done
10,109,https://www.w3.org/WAI/ER/tests/xhtml/testfiles/resources/pdf/dummy.pdf,"Nullam sit amet turpis elementum ligula vehicula consequat. Morbi a ipsum. Integer a nibh.

In quis justo. Maecenas rhoncus aliquam lacus. Morbi quis tortor id nulla ultrices aliquet.",Accepted
20,196,https://www.w3.org/WAI/ER/tests/xhtml/testfiles/resources/pdf/dummy.pdf,"Duis consequat dui nec nisi volutpat eleifend. Donec ut dolor. Morbi vel lectus in quam fringilla rhoncus.

Mauris enim leo, rhoncus sed, vestibulum sit amet, cursus id, turpis. Integer aliquet, massa id lobortis convallis, tortor risus dapibus augue, vel accumsan tellus nisi eu orci. Mauris lacinia sapien quis libero.

Nullam sit amet turpis elementum ligula vehicula consequat. Morbi a ipsum. Integer a nibh.",Pending
62,82,https://www.w3.org/WAI/ER/tests/xhtml/testfiles/resources/pdf/dummy.pdf,"In hac habitasse platea dictumst. Morbi vestibulum, velit id pretium iaculis, diam erat fermentum justo, nec condimentum neque sapien placerat ante. Nulla justo.

Aliquam quis turpis eget elit sodales scelerisque. Mauris sit amet eros. Suspendisse accumsan tortor quis turpis.",Done
44,175,https://www.w3.org/WAI/ER/tests/xhtml/testfiles/resources/pdf/dummy.pdf,Fusce consequat. Nulla nisl. Nunc nisl.,Accepted
42,184,https://www.w3.org/WAI/ER/tests/xhtml/testfiles/resources/pdf/dummy.pdf,"Nulla ut erat id mauris vulputate elementum. Nullam varius. Nulla facilisi.

Cras non velit nec nisi vulputate nonummy. Maecenas tincidunt lacus at velit. Vivamus vel nulla eget eros elementum pellentesque.

Quisque porta volutpat erat. Quisque erat eros, viverra eget, congue eget, semper rutrum, nulla. Nunc purus.",Pending
24,29,https://www.w3.org/WAI/ER/tests/xhtml/testfiles/resources/pdf/dummy.pdf,"Curabitur gravida nisi at nibh. In hac habitasse platea dictumst. Aliquam augue quam, sollicitudin vitae, consectetuer eget, rutrum at, lorem.

Integer tincidunt ante vel ipsum. Praesent blandit lacinia erat. Vestibulum sed magna at nunc commodo placerat.

Praesent blandit. Nam nulla. Integer pede justo, lacinia eget, tincidunt eget, tempus vel, pede.",Done
19,47,https://www.w3.org/WAI/ER/tests/xhtml/testfiles/resources/pdf/dummy.pdf,"In hac habitasse platea dictumst. Etiam faucibus cursus urna. Ut tellus.

Nulla ut erat id mauris vulputate elementum. Nullam varius. Nulla facilisi.",Pending
48,50,https://www.w3.org/WAI/ER/tests/xhtml/testfiles/resources/pdf/dummy.pdf,In hac habitasse platea dictumst. Etiam faucibus cursus urna. Ut tellus.,Accepted
65,67,https://www.w3.org/WAI/ER/tests/xhtml/testfiles/resources/pdf/dummy.pdf,"Proin leo odio, porttitor id, consequat in, consequat ut, nulla. Sed accumsan felis. Ut at dolor quis odio consequat varius.",Pending
42,129,https://www.w3.org/WAI/ER/tests/xhtml/testfiles/resources/pdf/dummy.pdf,Praesent id massa id nisl venenatis lacinia. Aenean sit amet justo. Morbi ut odio.,Accepted
7,92,https://www.w3.org/WAI/ER/tests/xhtml/testfiles/resources/pdf/dummy.pdf,"Mauris enim leo, rhoncus sed, vestibulum sit amet, cursus id, turpis. Integer aliquet, massa id lobortis convallis, tortor risus dapibus augue, vel accumsan tellus nisi eu orci. Mauris lacinia sapien quis libero.",Done
13,64,https://www.w3.org/WAI/ER/tests/xhtml/testfiles/resources/pdf/dummy.pdf,"Praesent blandit. Nam nulla. Integer pede justo, lacinia eget, tincidunt eget, tempus vel, pede.

Morbi porttitor lorem id ligula. Suspendisse ornare consequat lectus. In est risus, auctor sed, tristique in, tempus sit amet, sem.

Fusce consequat. Nulla nisl. Nunc nisl.",Done
11,162,https://www.w3.org/WAI/ER/tests/xhtml/testfiles/resources/pdf/dummy.pdf,Aliquam quis turpis eget elit sodales scelerisque. Mauris sit amet eros. Suspendisse accumsan tortor quis turpis.,Accepted
48,191,https://www.w3.org/WAI/ER/tests/xhtml/testfiles/resources/pdf/dummy.pdf,"Vestibulum ac est lacinia nisi venenatis tristique. Fusce congue, diam id ornare imperdiet, sapien urna pretium nisl, ut volutpat sapien arcu sed augue. Aliquam erat volutpat.

In congue. Etiam justo. Etiam pretium iaculis justo.

In hac habitasse platea dictumst. Etiam faucibus cursus urna. Ut tellus.",Pending
62,55,https://www.w3.org/WAI/ER/tests/xhtml/testfiles/resources/pdf/dummy.pdf,Duis bibendum. Morbi non quam nec dui luctus rutrum. Nulla tellus.,Pending
53,147,https://www.w3.org/WAI/ER/tests/xhtml/testfiles/resources/pdf/dummy.pdf,"Fusce posuere felis sed lacus. Morbi sem mauris, laoreet ut, rhoncus aliquet, pulvinar sed, nisl. Nunc rhoncus dui vel sem.

Sed sagittis. Nam congue, risus semper porta volutpat, quam pede lobortis ligula, sit amet eleifend pede libero quis orci. Nullam molestie nibh in lectus.

Pellentesque at nulla. Suspendisse potenti. Cras in purus eu magna vulputate luctus.",Pending
22,6,https://www.w3.org/WAI/ER/tests/xhtml/testfiles/resources/pdf/dummy.pdf,"Mauris enim leo, rhoncus sed, vestibulum sit amet, cursus id, turpis. Integer aliquet, massa id lobortis convallis, tortor risus dapibus augue, vel accumsan tellus nisi eu orci. Mauris lacinia sapien quis libero.",Pending
10,1,https://www.w3.org/WAI/ER/tests/xhtml/testfiles/resources/pdf/dummy.pdf,"In congue. Etiam justo. Etiam pretium iaculis justo.

In hac habitasse platea dictumst. Etiam faucibus cursus urna. Ut tellus.

Nulla ut erat id mauris vulputate elementum. Nullam varius. Nulla facilisi.",Accepted
15,135,https://www.w3.org/WAI/ER/tests/xhtml/testfiles/resources/pdf/dummy.pdf,"Fusce posuere felis sed lacus. Morbi sem mauris, laoreet ut, rhoncus aliquet, pulvinar sed, nisl. Nunc rhoncus dui vel sem.

Sed sagittis. Nam congue, risus semper porta volutpat, quam pede lobortis ligula, sit amet eleifend pede libero quis orci. Nullam molestie nibh in lectus.",Accepted
37,62,https://www.w3.org/WAI/ER/tests/xhtml/testfiles/resources/pdf/dummy.pdf,"Donec diam neque, vestibulum eget, vulputate ut, ultrices vel, augue. Vestibulum ante ipsum primis in faucibus orci luctus et ultrices posuere cubilia Curae; Donec pharetra, magna vestibulum aliquet ultrices, erat tortor sollicitudin mi, sit amet lobortis sapien sapien non mi. Integer ac neque.",Accepted
49,149,https://www.w3.org/WAI/ER/tests/xhtml/testfiles/resources/pdf/dummy.pdf,"Morbi porttitor lorem id ligula. Suspendisse ornare consequat lectus. In est risus, auctor sed, tristique in, tempus sit amet, sem.

Fusce consequat. Nulla nisl. Nunc nisl.

Duis bibendum, felis sed interdum venenatis, turpis enim blandit mi, in porttitor pede justo eu massa. Donec dapibus. Duis at velit eu est congue elementum.",Done
42,154,https://www.w3.org/WAI/ER/tests/xhtml/testfiles/resources/pdf/dummy.pdf,Phasellus in felis. Donec semper sapien a libero. Nam dui.,Pending
64,197,https://www.w3.org/WAI/ER/tests/xhtml/testfiles/resources/pdf/dummy.pdf,"Curabitur in libero ut massa volutpat convallis. Morbi odio odio, elementum eu, interdum eu, tincidunt in, leo. Maecenas pulvinar lobortis est.",Pending
54,138,https://www.w3.org/WAI/ER/tests/xhtml/testfiles/resources/pdf/dummy.pdf,"Pellentesque at nulla. Suspendisse potenti. Cras in purus eu magna vulputate luctus.

Cum sociis natoque penatibus et magnis dis parturient montes, nascetur ridiculus mus. Vivamus vestibulum sagittis sapien. Cum sociis natoque penatibus et magnis dis parturient montes, nascetur ridiculus mus.",Pending
60,123,https://www.w3.org/WAI/ER/tests/xhtml/testfiles/resources/pdf/dummy.pdf,"Etiam vel augue. Vestibulum rutrum rutrum neque. Aenean auctor gravida sem.

Praesent id massa id nisl venenatis lacinia. Aenean sit amet justo. Morbi ut odio.",Accepted
22,54,https://www.w3.org/WAI/ER/tests/xhtml/testfiles/resources/pdf/dummy.pdf,"Maecenas leo odio, condimentum id, luctus nec, molestie sed, justo. Pellentesque viverra pede ac diam. Cras pellentesque volutpat dui.",Pending
2,164,https://www.w3.org/WAI/ER/tests/xhtml/testfiles/resources/pdf/dummy.pdf,"Duis bibendum. Morbi non quam nec dui luctus rutrum. Nulla tellus.

In sagittis dui vel nisl. Duis ac nibh. Fusce lacus purus, aliquet at, feugiat non, pretium quis, lectus.",Accepted
51,47,https://www.w3.org/WAI/ER/tests/xhtml/testfiles/resources/pdf/dummy.pdf,"Sed ante. Vivamus tortor. Duis mattis egestas metus.

Aenean fermentum. Donec ut mauris eget massa tempor convallis. Nulla neque libero, convallis eget, eleifend luctus, ultricies eu, nibh.",Pending
66,124,https://www.w3.org/WAI/ER/tests/xhtml/testfiles/resources/pdf/dummy.pdf,"Maecenas ut massa quis augue luctus tincidunt. Nulla mollis molestie lorem. Quisque ut erat.

Curabitur gravida nisi at nibh. In hac habitasse platea dictumst. Aliquam augue quam, sollicitudin vitae, consectetuer eget, rutrum at, lorem.

Integer tincidunt ante vel ipsum. Praesent blandit lacinia erat. Vestibulum sed magna at nunc commodo placerat.",Accepted
36,82,https://www.w3.org/WAI/ER/tests/xhtml/testfiles/resources/pdf/dummy.pdf,"Aenean fermentum. Donec ut mauris eget massa tempor convallis. Nulla neque libero, convallis eget, eleifend luctus, ultricies eu, nibh.",Accepted
33,159,https://www.w3.org/WAI/ER/tests/xhtml/testfiles/resources/pdf/dummy.pdf,"Pellentesque at nulla. Suspendisse potenti. Cras in purus eu magna vulputate luctus.

Cum sociis natoque penatibus et magnis dis parturient montes, nascetur ridiculus mus. Vivamus vestibulum sagittis sapien. Cum sociis natoque penatibus et magnis dis parturient montes, nascetur ridiculus mus.

Etiam vel augue. Vestibulum rutrum rutrum neque. Aenean auctor gravida sem.",Done
24,96,https://www.w3.org/WAI/ER/tests/xhtml/testfiles/resources/pdf/dummy.pdf,"Aliquam quis turpis eget elit sodales scelerisque. Mauris sit amet eros. Suspendisse accumsan tortor quis turpis.

Sed ante. Vivamus tortor. Duis mattis egestas metus.",Pending
8,36,https://www.w3.org/WAI/ER/tests/xhtml/testfiles/resources/pdf/dummy.pdf,"Quisque porta volutpat erat. Quisque erat eros, viverra eget, congue eget, semper rutrum, nulla. Nunc purus.

Phasellus in felis. Donec semper sapien a libero. Nam dui.",Accepted
20,32,https://www.w3.org/WAI/ER/tests/xhtml/testfiles/resources/pdf/dummy.pdf,"Morbi non lectus. Aliquam sit amet diam in magna bibendum imperdiet. Nullam orci pede, venenatis non, sodales sed, tincidunt eu, felis.

Fusce posuere felis sed lacus. Morbi sem mauris, laoreet ut, rhoncus aliquet, pulvinar sed, nisl. Nunc rhoncus dui vel sem.

Sed sagittis. Nam congue, risus semper porta volutpat, quam pede lobortis ligula, sit amet eleifend pede libero quis orci. Nullam molestie nibh in lectus.",Pending
49,45,https://www.w3.org/WAI/ER/tests/xhtml/testfiles/resources/pdf/dummy.pdf,"Praesent blandit. Nam nulla. Integer pede justo, lacinia eget, tincidunt eget, tempus vel, pede.

Morbi porttitor lorem id ligula. Suspendisse ornare consequat lectus. In est risus, auctor sed, tristique in, tempus sit amet, sem.",Accepted
40,145,https://www.w3.org/WAI/ER/tests/xhtml/testfiles/resources/pdf/dummy.pdf,"Curabitur gravida nisi at nibh. In hac habitasse platea dictumst. Aliquam augue quam, sollicitudin vitae, consectetuer eget, rutrum at, lorem.

Integer tincidunt ante vel ipsum. Praesent blandit lacinia erat. Vestibulum sed magna at nunc commodo placerat.

Praesent blandit. Nam nulla. Integer pede justo, lacinia eget, tincidunt eget, tempus vel, pede.",Accepted
3,199,https://www.w3.org/WAI/ER/tests/xhtml/testfiles/resources/pdf/dummy.pdf,"Cum sociis natoque penatibus et magnis dis parturient montes, nascetur ridiculus mus. Vivamus vestibulum sagittis sapien. Cum sociis natoque penatibus et magnis dis parturient montes, nascetur ridiculus mus.

Etiam vel augue. Vestibulum rutrum rutrum neque. Aenean auctor gravida sem.

Praesent id massa id nisl venenatis lacinia. Aenean sit amet justo. Morbi ut odio.",Pending
37,134,https://www.w3.org/WAI/ER/tests/xhtml/testfiles/resources/pdf/dummy.pdf,"In hac habitasse platea dictumst. Morbi vestibulum, velit id pretium iaculis, diam erat fermentum justo, nec condimentum neque sapien placerat ante. Nulla justo.",Done
38,192,https://www.w3.org/WAI/ER/tests/xhtml/testfiles/resources/pdf/dummy.pdf,"Cum sociis natoque penatibus et magnis dis parturient montes, nascetur ridiculus mus. Vivamus vestibulum sagittis sapien. Cum sociis natoque penatibus et magnis dis parturient montes, nascetur ridiculus mus.

Etiam vel augue. Vestibulum rutrum rutrum neque. Aenean auctor gravida sem.

Praesent id massa id nisl venenatis lacinia. Aenean sit amet justo. Morbi ut odio.",Pending
50,4,https://www.w3.org/WAI/ER/tests/xhtml/testfiles/resources/pdf/dummy.pdf,"Maecenas leo odio, condimentum id, luctus nec, molestie sed, justo. Pellentesque viverra pede ac diam. Cras pellentesque volutpat dui.

Maecenas tristique, est et tempus semper, est quam pharetra magna, ac consequat metus sapien ut nunc. Vestibulum ante ipsum primis in faucibus orci luctus et ultrices posuere cubilia Curae; Mauris viverra diam vitae quam. Suspendisse potenti.

Nullam porttitor lacus at turpis. Donec posuere metus vitae ipsum. Aliquam non mauris.",Done
57,80,https://www.w3.org/WAI/ER/tests/xhtml/testfiles/resources/pdf/dummy.pdf,Phasellus sit amet erat. Nulla tempus. Vivamus in felis eu sapien cursus vestibulum.,Accepted
65,58,https://www.w3.org/WAI/ER/tests/xhtml/testfiles/resources/pdf/dummy.pdf,"Donec diam neque, vestibulum eget, vulputate ut, ultrices vel, augue. Vestibulum ante ipsum primis in faucibus orci luctus et ultrices posuere cubilia Curae; Donec pharetra, magna vestibulum aliquet ultrices, erat tortor sollicitudin mi, sit amet lobortis sapien sapien non mi. Integer ac neque.

Duis bibendum. Morbi non quam nec dui luctus rutrum. Nulla tellus.",Done
53,48,https://www.w3.org/WAI/ER/tests/xhtml/testfiles/resources/pdf/dummy.pdf,Nulla ut erat id mauris vulputate elementum. Nullam varius. Nulla facilisi.,Done
66,51,https://www.w3.org/WAI/ER/tests/xhtml/testfiles/resources/pdf/dummy.pdf,"Mauris enim leo, rhoncus sed, vestibulum sit amet, cursus id, turpis. Integer aliquet, massa id lobortis convallis, tortor risus dapibus augue, vel accumsan tellus nisi eu orci. Mauris lacinia sapien quis libero.

Nullam sit amet turpis elementum ligula vehicula consequat. Morbi a ipsum. Integer a nibh.",Pending
62,191,https://www.w3.org/WAI/ER/tests/xhtml/testfiles/resources/pdf/dummy.pdf,"Duis bibendum, felis sed interdum venenatis, turpis enim blandit mi, in porttitor pede justo eu massa. Donec dapibus. Duis at velit eu est congue elementum.

In hac habitasse platea dictumst. Morbi vestibulum, velit id pretium iaculis, diam erat fermentum justo, nec condimentum neque sapien placerat ante. Nulla justo.",Done
44,171,https://www.w3.org/WAI/ER/tests/xhtml/testfiles/resources/pdf/dummy.pdf,"Donec diam neque, vestibulum eget, vulputate ut, ultrices vel, augue. Vestibulum ante ipsum primis in faucibus orci luctus et ultrices posuere cubilia Curae; Donec pharetra, magna vestibulum aliquet ultrices, erat tortor sollicitudin mi, sit amet lobortis sapien sapien non mi. Integer ac neque.

Duis bibendum. Morbi non quam nec dui luctus rutrum. Nulla tellus.

In sagittis dui vel nisl. Duis ac nibh. Fusce lacus purus, aliquet at, feugiat non, pretium quis, lectus.",Done
40,69,https://www.w3.org/WAI/ER/tests/xhtml/testfiles/resources/pdf/dummy.pdf,"Quisque porta volutpat erat. Quisque erat eros, viverra eget, congue eget, semper rutrum, nulla. Nunc purus.

Phasellus in felis. Donec semper sapien a libero. Nam dui.",Accepted
48,55,https://www.w3.org/WAI/ER/tests/xhtml/testfiles/resources/pdf/dummy.pdf,Aenean lectus. Pellentesque eget nunc. Donec quis orci eget orci vehicula condimentum.,Accepted
5,54,https://www.w3.org/WAI/ER/tests/xhtml/testfiles/resources/pdf/dummy.pdf,Phasellus in felis. Donec semper sapien a libero. Nam dui.,Done
6,92,https://www.w3.org/WAI/ER/tests/xhtml/testfiles/resources/pdf/dummy.pdf,"Fusce posuere felis sed lacus. Morbi sem mauris, laoreet ut, rhoncus aliquet, pulvinar sed, nisl. Nunc rhoncus dui vel sem.

Sed sagittis. Nam congue, risus semper porta volutpat, quam pede lobortis ligula, sit amet eleifend pede libero quis orci. Nullam molestie nibh in lectus.

Pellentesque at nulla. Suspendisse potenti. Cras in purus eu magna vulputate luctus.",Accepted
55,13,https://www.w3.org/WAI/ER/tests/xhtml/testfiles/resources/pdf/dummy.pdf,"Nam ultrices, libero non mattis pulvinar, nulla pede ullamcorper augue, a suscipit nulla elit ac nulla. Sed vel enim sit amet nunc viverra dapibus. Nulla suscipit ligula in lacus.",Accepted
66,54,https://www.w3.org/WAI/ER/tests/xhtml/testfiles/resources/pdf/dummy.pdf,"Cras mi pede, malesuada in, imperdiet et, commodo vulputate, justo. In blandit ultrices enim. Lorem ipsum dolor sit amet, consectetuer adipiscing elit.",Pending
30,37,https://www.w3.org/WAI/ER/tests/xhtml/testfiles/resources/pdf/dummy.pdf,"Curabitur gravida nisi at nibh. In hac habitasse platea dictumst. Aliquam augue quam, sollicitudin vitae, consectetuer eget, rutrum at, lorem.

Integer tincidunt ante vel ipsum. Praesent blandit lacinia erat. Vestibulum sed magna at nunc commodo placerat.",Done
62,100,https://www.w3.org/WAI/ER/tests/xhtml/testfiles/resources/pdf/dummy.pdf,"Phasellus sit amet erat. Nulla tempus. Vivamus in felis eu sapien cursus vestibulum.

Proin eu mi. Nulla ac enim. In tempor, turpis nec euismod scelerisque, quam turpis adipiscing lorem, vitae mattis nibh ligula nec sem.",Accepted
57,147,https://www.w3.org/WAI/ER/tests/xhtml/testfiles/resources/pdf/dummy.pdf,"Phasellus sit amet erat. Nulla tempus. Vivamus in felis eu sapien cursus vestibulum.

Proin eu mi. Nulla ac enim. In tempor, turpis nec euismod scelerisque, quam turpis adipiscing lorem, vitae mattis nibh ligula nec sem.",Pending
49,102,https://www.w3.org/WAI/ER/tests/xhtml/testfiles/resources/pdf/dummy.pdf,"Maecenas tristique, est et tempus semper, est quam pharetra magna, ac consequat metus sapien ut nunc. Vestibulum ante ipsum primis in faucibus orci luctus et ultrices posuere cubilia Curae; Mauris viverra diam vitae quam. Suspendisse potenti.",Accepted
66,56,https://www.w3.org/WAI/ER/tests/xhtml/testfiles/resources/pdf/dummy.pdf,"Praesent id massa id nisl venenatis lacinia. Aenean sit amet justo. Morbi ut odio.

Cras mi pede, malesuada in, imperdiet et, commodo vulputate, justo. In blandit ultrices enim. Lorem ipsum dolor sit amet, consectetuer adipiscing elit.",Accepted
15,10,https://www.w3.org/WAI/ER/tests/xhtml/testfiles/resources/pdf/dummy.pdf,"Cras mi pede, malesuada in, imperdiet et, commodo vulputate, justo. In blandit ultrices enim. Lorem ipsum dolor sit amet, consectetuer adipiscing elit.

Proin interdum mauris non ligula pellentesque ultrices. Phasellus id sapien in sapien iaculis congue. Vivamus metus arcu, adipiscing molestie, hendrerit at, vulputate vitae, nisl.

Aenean lectus. Pellentesque eget nunc. Donec quis orci eget orci vehicula condimentum.",Pending
37,69,https://www.w3.org/WAI/ER/tests/xhtml/testfiles/resources/pdf/dummy.pdf,"Duis aliquam convallis nunc. Proin at turpis a pede posuere nonummy. Integer non velit.

Donec diam neque, vestibulum eget, vulputate ut, ultrices vel, augue. Vestibulum ante ipsum primis in faucibus orci luctus et ultrices posuere cubilia Curae; Donec pharetra, magna vestibulum aliquet ultrices, erat tortor sollicitudin mi, sit amet lobortis sapien sapien non mi. Integer ac neque.",Done
49,6,https://www.w3.org/WAI/ER/tests/xhtml/testfiles/resources/pdf/dummy.pdf,"Phasellus in felis. Donec semper sapien a libero. Nam dui.

Proin leo odio, porttitor id, consequat in, consequat ut, nulla. Sed accumsan felis. Ut at dolor quis odio consequat varius.

Integer ac leo. Pellentesque ultrices mattis odio. Donec vitae nisi.",Pending
24,11,https://www.w3.org/WAI/ER/tests/xhtml/testfiles/resources/pdf/dummy.pdf,"Proin interdum mauris non ligula pellentesque ultrices. Phasellus id sapien in sapien iaculis congue. Vivamus metus arcu, adipiscing molestie, hendrerit at, vulputate vitae, nisl.

Aenean lectus. Pellentesque eget nunc. Donec quis orci eget orci vehicula condimentum.

Curabitur in libero ut massa volutpat convallis. Morbi odio odio, elementum eu, interdum eu, tincidunt in, leo. Maecenas pulvinar lobortis est.",Accepted
23,126,https://www.w3.org/WAI/ER/tests/xhtml/testfiles/resources/pdf/dummy.pdf,"Aenean fermentum. Donec ut mauris eget massa tempor convallis. Nulla neque libero, convallis eget, eleifend luctus, ultricies eu, nibh.",Accepted
56,80,https://www.w3.org/WAI/ER/tests/xhtml/testfiles/resources/pdf/dummy.pdf,"Suspendisse potenti. In eleifend quam a odio. In hac habitasse platea dictumst.

Maecenas ut massa quis augue luctus tincidunt. Nulla mollis molestie lorem. Quisque ut erat.

Curabitur gravida nisi at nibh. In hac habitasse platea dictumst. Aliquam augue quam, sollicitudin vitae, consectetuer eget, rutrum at, lorem.",Accepted
18,90,https://www.w3.org/WAI/ER/tests/xhtml/testfiles/resources/pdf/dummy.pdf,Phasellus in felis. Donec semper sapien a libero. Nam dui.,Pending
30,145,https://www.w3.org/WAI/ER/tests/xhtml/testfiles/resources/pdf/dummy.pdf,"Quisque id justo sit amet sapien dignissim vestibulum. Vestibulum ante ipsum primis in faucibus orci luctus et ultrices posuere cubilia Curae; Nulla dapibus dolor vel est. Donec odio justo, sollicitudin ut, suscipit a, feugiat et, eros.

Vestibulum ac est lacinia nisi venenatis tristique. Fusce congue, diam id ornare imperdiet, sapien urna pretium nisl, ut volutpat sapien arcu sed augue. Aliquam erat volutpat.",Pending
68,32,https://www.w3.org/WAI/ER/tests/xhtml/testfiles/resources/pdf/dummy.pdf,Integer ac leo. Pellentesque ultrices mattis odio. Donec vitae nisi.,Accepted
4,58,https://www.w3.org/WAI/ER/tests/xhtml/testfiles/resources/pdf/dummy.pdf,"Lorem ipsum dolor sit amet, consectetuer adipiscing elit. Proin risus. Praesent lectus.

Vestibulum quam sapien, varius ut, blandit non, interdum in, ante. Vestibulum ante ipsum primis in faucibus orci luctus et ultrices posuere cubilia Curae; Duis faucibus accumsan odio. Curabitur convallis.",Accepted
67,22,https://www.w3.org/WAI/ER/tests/xhtml/testfiles/resources/pdf/dummy.pdf,"Vestibulum quam sapien, varius ut, blandit non, interdum in, ante. Vestibulum ante ipsum primis in faucibus orci luctus et ultrices posuere cubilia Curae; Duis faucibus accumsan odio. Curabitur convallis.

Duis consequat dui nec nisi volutpat eleifend. Donec ut dolor. Morbi vel lectus in quam fringilla rhoncus.

Mauris enim leo, rhoncus sed, vestibulum sit amet, cursus id, turpis. Integer aliquet, massa id lobortis convallis, tortor risus dapibus augue, vel accumsan tellus nisi eu orci. Mauris lacinia sapien quis libero.",Done
42,120,https://www.w3.org/WAI/ER/tests/xhtml/testfiles/resources/pdf/dummy.pdf,"Curabitur gravida nisi at nibh. In hac habitasse platea dictumst. Aliquam augue quam, sollicitudin vitae, consectetuer eget, rutrum at, lorem.

Integer tincidunt ante vel ipsum. Praesent blandit lacinia erat. Vestibulum sed magna at nunc commodo placerat.",Done
1,166,https://www.w3.org/WAI/ER/tests/xhtml/testfiles/resources/pdf/dummy.pdf,"Duis bibendum, felis sed interdum venenatis, turpis enim blandit mi, in porttitor pede justo eu massa. Donec dapibus. Duis at velit eu est congue elementum.

In hac habitasse platea dictumst. Morbi vestibulum, velit id pretium iaculis, diam erat fermentum justo, nec condimentum neque sapien placerat ante. Nulla justo.

Aliquam quis turpis eget elit sodales scelerisque. Mauris sit amet eros. Suspendisse accumsan tortor quis turpis.",Done
57,127,https://www.w3.org/WAI/ER/tests/xhtml/testfiles/resources/pdf/dummy.pdf,"Maecenas leo odio, condimentum id, luctus nec, molestie sed, justo. Pellentesque viverra pede ac diam. Cras pellentesque volutpat dui.

Maecenas tristique, est et tempus semper, est quam pharetra magna, ac consequat metus sapien ut nunc. Vestibulum ante ipsum primis in faucibus orci luctus et ultrices posuere cubilia Curae; Mauris viverra diam vitae quam. Suspendisse potenti.",Pending
19,82,https://www.w3.org/WAI/ER/tests/xhtml/testfiles/resources/pdf/dummy.pdf,Suspendisse potenti. In eleifend quam a odio. In hac habitasse platea dictumst.,Pending
39,93,https://www.w3.org/WAI/ER/tests/xhtml/testfiles/resources/pdf/dummy.pdf,"Morbi non lectus. Aliquam sit amet diam in magna bibendum imperdiet. Nullam orci pede, venenatis non, sodales sed, tincidunt eu, felis.

Fusce posuere felis sed lacus. Morbi sem mauris, laoreet ut, rhoncus aliquet, pulvinar sed, nisl. Nunc rhoncus dui vel sem.

Sed sagittis. Nam congue, risus semper porta volutpat, quam pede lobortis ligula, sit amet eleifend pede libero quis orci. Nullam molestie nibh in lectus.",Pending
38,108,https://www.w3.org/WAI/ER/tests/xhtml/testfiles/resources/pdf/dummy.pdf,"Cum sociis natoque penatibus et magnis dis parturient montes, nascetur ridiculus mus. Vivamus vestibulum sagittis sapien. Cum sociis natoque penatibus et magnis dis parturient montes, nascetur ridiculus mus.",Done
